cartella,min_theta,y_min
Miglior combo,-26.744171901192864,-0.726
Peggior combo,-20.930104839838627,-0.7
